wave,thr_arm3
699.221,0.500000
749.854,0.636170
799.513,0.717021
850.146,0.742553
900.779,0.680851
949.464,0.480851
