wave,thr_arm2
550.243,0.555319
599.903,0.670213
650.536,0.672340
699.221,0.604255
749.854,0.480851
