wave,thr_arm1
359.396,0.421277
370.107,0.497872
399.318,0.619149
449.951,0.661702
499.611,0.597872
550.243,0.500000
