wave,thr_arm4,
949.464,0.548936,
1000.10,0.644681,
1049.76,0.697872,
1100.39,0.719149,
1151.02,0.700000,
1201.66,0.653192,
1300,0.491489,
